{"num_of_examples": 0, "train_loss": 0.00029259972274303436, "_timestamp": 1715201927.6040015, "_runtime": 6.735758543014526, "_step": 1, "num_of_test_examples": 0, "test_loss": 0.02706669643521309, "_wandb": {"runtime": 270}}