{"num_of_examples": 7600, "train_loss": 0.00014287973128375596, "_timestamp": 1715200634.3779728, "_runtime": 321.61288690567017, "_step": 20, "gradients/output.bias": {"_type": "histogram", "values": [1.0], "bins": [-0.0004663616418838501, -0.0004663616418838501]}, "gradients/output.weight": {"_type": "histogram", "values": [1.0, 0.0, 0.0, 0.0, 0.0, 0.0, 0.0, 0.0, 0.0, 0.0, 0.0, 0.0, 2.0, 0.0, 0.0, 0.0, 0.0, 0.0, 0.0, 0.0, 1.0, 0.0, 1.0, 3.0, 1.0, 2.0, 1.0, 2.0, 1.0, 2.0, 0.0, 4.0, 5.0, 0.0, 5.0, 4.0, 4.0, 6.0, 4.0, 5.0, 6.0, 1.0, 6.0, 8.0, 6.0, 3.0, 3.0, 9.0, 8.0, 7.0, 99.0, 12.0, 8.0, 8.0, 3.0, 3.0, 3.0, 4.0, 1.0, 0.0, 1.0, 1.0, 1.0, 1.0], "bins": [-0.00018818590615410358, -0.00018446739704813808, -0.00018074887339025736, -0.00017703036428429186, -0.00017331185517832637, -0.00016959334607236087, -0.00016587483696639538, -0.00016215631330851465, -0.00015843780420254916, -0.00015471929509658366, -0.00015100077143870294, -0.00014728226233273745, -0.00014356375322677195, -0.00013984524412080646, -0.00013612673501484096, -0.00013240821135696024, -0.00012868970225099474, -0.00012497119314502925, -0.00012125267676310614, -0.00011753416038118303, -0.00011381565127521753, -0.00011009714216925204, -0.00010637862578732893, -0.00010266010940540582, -9.894160029944032e-05, -9.522309119347483e-05, -9.150457481155172e-05, -8.778605842962861e-05, -8.406754932366312e-05, -8.034904021769762e-05, -7.663052383577451e-05, -7.29120074538514e-05, -6.91934983478859e-05, -6.547498924192041e-05, -6.17564728599973e-05, -5.8037960116053e-05, -5.43194473721087e-05, -5.0600934628164396e-05, -4.6882421884220093e-05, -4.316390914027579e-05, -3.944539639633149e-05, -3.572688365238719e-05, -3.2008370908442885e-05, -2.8289858164498582e-05, -2.457134542055428e-05, -2.0852832676609978e-05, -1.7134319932665676e-05, -1.3415807188721374e-05, -9.697294444777071e-06, -5.978781700832769e-06, -2.260268956888467e-06, 1.4582437870558351e-06, 5.176756531000137e-06, 8.89526927494444e-06, 1.2613782018888742e-05, 1.6332294762833044e-05, 2.0050807506777346e-05, 2.376932025072165e-05, 2.748783299466595e-05, 3.120634573861025e-05, 3.4924858482554555e-05, 3.864337122649886e-05, 4.236188397044316e-05, 4.608039671438746e-05, 4.9798909458331764e-05]}, "gradients/linearlayers.1.0.bias": {"_type": "histogram", "values": [2.0, 0.0, 0.0, 0.0, 0.0, 0.0, 0.0, 0.0, 0.0, 0.0, 1.0, 0.0, 1.0, 1.0, 2.0, 1.0, 1.0, 1.0, 2.0, 5.0, 12.0, 14.0, 20.0, 25.0, 22.0, 98.0, 8.0, 4.0, 9.0, 5.0, 3.0, 3.0, 3.0, 3.0, 1.0, 3.0, 0.0, 0.0, 1.0, 0.0, 2.0, 0.0, 0.0, 0.0, 0.0, 0.0, 0.0, 0.0, 0.0, 0.0, 0.0, 1.0, 0.0, 0.0, 0.0, 0.0, 0.0, 0.0, 0.0, 1.0, 0.0, 0.0, 0.0, 1.0], "bins": [-0.0001622936688363552, -0.00015584941138513386, -0.00014940516848582774, -0.00014296092558652163, -0.00013651666813530028, -0.00013007241068407893, -0.0001236281677847728, -0.00011718391760950908, -0.00011073966743424535, -0.00010429541725898162, -9.785116708371788e-05, -9.140691690845415e-05, -8.496266673319042e-05, -7.851841655792668e-05, -7.207416638266295e-05, -6.562991620739922e-05, -5.9185666032135487e-05, -5.2741415856871754e-05, -4.629716568160802e-05, -3.985291550634429e-05, -3.3408665331080556e-05, -2.6964415155816823e-05, -2.052016498055309e-05, -1.4075914805289358e-05, -7.631664630025625e-06, -1.1874144547618926e-06, 5.25683572050184e-06, 1.1701085895765573e-05, 1.8145336071029305e-05, 2.4589586246293038e-05, 3.103383642155677e-05, 3.7478086596820503e-05, 4.3922336772084236e-05, 5.036658694734797e-05, 5.68108371226117e-05, 6.325508729787543e-05, 6.969933747313917e-05, 7.61435876484029e-05, 8.258783782366663e-05, 8.903208799893036e-05, 9.54763381741941e-05, 0.00010192058834945783, 0.00010836483852472156, 0.0001148090886999853, 0.00012125333887524903, 0.00012769759632647038, 0.0001341418392257765, 0.0001405860821250826, 0.00014703033957630396, 0.0001534745970275253, 0.00015991883992683142, 0.00016636308282613754, 0.0001728073402773589, 0.00017925159772858024, 0.00018569584062788635, 0.00019214008352719247, 0.00019858434097841382, 0.00020502859842963517, 0.00021147284132894129, 0.0002179170842282474, 0.00022436134167946875, 0.0002308055991306901, 0.00023724984202999622, 0.00024369408492930233, 0.0002501383423805237]}, "gradients/linearlayers.1.0.weight": {"_type": "histogram", "values": [1.0, 0.0, 0.0, 0.0, 0.0, 0.0, 2.0, 5.0, 3.0, 0.0, 1.0, 2.0, 2.0, 3.0, 1.0, 5.0, 9.0, 14.0, 12.0, 13.0, 26.0, 43.0, 78.0, 103.0, 140.0, 223.0, 395.0, 543.0, 805.0, 1069.0, 1565.0, 2719.0, 44785.0, 7623.0, 2177.0, 1191.0, 748.0, 401.0, 246.0, 152.0, 122.0, 64.0, 58.0, 39.0, 16.0, 25.0, 18.0, 12.0, 10.0, 8.0, 15.0, 7.0, 12.0, 4.0, 6.0, 3.0, 2.0, 1.0, 1.0, 5.0, 0.0, 1.0, 1.0, 1.0], "bins": [-2.7119338483316824e-05, -2.6297197109670378e-05, -2.547505391703453e-05, -2.4652912543388084e-05, -2.3830771169741638e-05, -2.300862797710579e-05, -2.2186486603459343e-05, -2.1364345229812898e-05, -2.0542203856166452e-05, -1.9720060663530603e-05, -1.8897919289884157e-05, -1.8075777916237712e-05, -1.7253634723601863e-05, -1.6431493349955417e-05, -1.560935197630897e-05, -1.4787209693167824e-05, -1.3965067410026677e-05, -1.314292512688553e-05, -1.2320783753239084e-05, -1.1498641470097937e-05, -1.0676500096451491e-05, -9.854357813310344e-06, -9.032215530169196e-06, -8.210074156522751e-06, -7.3879318733816035e-06, -6.565790044987807e-06, -5.743648216594011e-06, -4.921505933452863e-06, -4.099364105059067e-06, -3.2772222766652703e-06, -2.4550802208977984e-06, -1.6329382788171642e-06, -8.107963367365301e-07, 1.1345605344104115e-08, 8.334875474247383e-07, 1.6556294895053725e-06, 2.4777714315860067e-06, 3.299913259979803e-06, 4.1220555431209505e-06, 4.944197371514747e-06, 5.766339199908543e-06, 6.58848102830234e-06, 7.410622856696136e-06, 8.232765139837284e-06, 9.054907422978431e-06, 9.877048796624877e-06, 1.0699191079766024e-05, 1.152133245341247e-05, 1.2343474736553617e-05, 1.3165617019694764e-05, 1.398775839334121e-05, 1.4809900676482357e-05, 1.5632042050128803e-05, 1.6454185242764652e-05, 1.7276326616411097e-05, 1.8098467990057543e-05, 1.8920611182693392e-05, 1.9742752556339838e-05, 2.0564893929986283e-05, 2.138703530363273e-05, 2.2209178496268578e-05, 2.3031319869915023e-05, 2.385346124356147e-05, 2.4675604436197318e-05, 2.5497745809843764e-05]}, "gradients/linearlayers.0.0.bias": {"_type": "histogram", "values": [1.0, 0.0, 0.0, 0.0, 1.0, 0.0, 0.0, 0.0, 0.0, 1.0, 0.0, 2.0, 2.0, 1.0, 1.0, 2.0, 4.0, 0.0, 0.0, 2.0, 4.0, 3.0, 5.0, 5.0, 7.0, 7.0, 7.0, 10.0, 10.0, 7.0, 12.0, 83.0, 11.0, 8.0, 8.0, 9.0, 4.0, 6.0, 2.0, 3.0, 2.0, 2.0, 4.0, 2.0, 1.0, 1.0, 4.0, 3.0, 1.0, 1.0, 0.0, 1.0, 0.0, 1.0, 1.0, 0.0, 2.0, 0.0, 0.0, 0.0, 0.0, 0.0, 0.0, 2.0],