{"num_of_examples": 2800, "train_loss": 0.00027689553506206723, "_timestamp": 1715202417.1699016, "_runtime": 38.02792453765869, "_step": 7, "gradients/output.bias": {"_type": "histogram", "values": [1.0], "bins": [0.02407633699476719, 0.02407633699476719]}, "gradients/output.weight": {"_type": "histogram", "values": [3.0, 7.0, 91.0, 15.0, 8.0, 5.0, 7.0, 6.0, 3.0, 8.0, 6.0, 2.0, 7.0, 1.0, 3.0, 1.0, 4.0, 4.0, 0.0, 5.0, 4.0, 3.0, 2.0, 3.0, 2.0, 2.0, 2.0, 2.0, 3.0, 0.0, 6.0, 0.0, 4.0, 3.0, 3.0, 2.0, 2.0, 2.0, 3.0, 1.0, 1.0, 2.0, 1.0, 3.0, 0.0, 0.0, 2.0, 1.0, 0.0, 0.0, 1.0, 2.0, 1.0, 0.0, 0.0, 1.0, 1.0, 0.0, 1.0, 0.0, 2.0, 1.0, 0.0, 1.0], "bins": [-0.00045710307313129306, -0.0002810995501931757, -0.00010509602725505829, 7.09074956830591e-05, 0.0002469110186211765, 0.00042291454155929387, 0.0005989180644974113, 0.0007749216165393591, 0.000950925110373646, 0.001126928604207933, 0.0013029321562498808, 0.0014789357082918286, 0.0016549392603337765, 0.0018309426959604025, 0.0020069461315870285, 0.002182949800044298, 0.002358953235670924, 0.002534956904128194, 0.00271096033975482, 0.002886963775381446, 0.0030629674438387156, 0.0032389708794653416, 0.0034149745479226112, 0.0035909779835492373, 0.0037669814191758633, 0.003942985087633133, 0.004118988290429115, 0.004294991958886385, 0.004470995627343655, 0.004646999295800924, 0.004823002498596907, 0.004999006167054176, 0.005175009369850159, 0.005351013038307428, 0.005527016241103411, 0.00570301990956068, 0.00587902357801795, 0.006055026780813932, 0.006231030449271202, 0.006407034117728472, 0.006583037786185741, 0.006759040988981724, 0.0069350446574389935, 0.007111048325896263, 0.0072870515286922455, 0.007463055197149515, 0.007639058865606785, 0.007815062068402767, 0.007991066202521324, 0.008167069405317307, 0.008343072608113289, 0.008519076742231846, 0.008695079945027828, 0.00887108314782381, 0.009047087281942368, 0.00922309048473835, 0.009399093687534332, 0.00957509782165289, 0.009751101024448872, 0.009927104227244854, 0.010103108361363411, 0.010279111564159393, 0.010455114766955376, 0.010631118901073933, 0.010807122103869915]}, "gradients/linearlayers.1.0.bias": {"_type": "histogram", "values": [1.0, 1.0, 1.0, 0.0, 2.0, 3.0, 1.0, 0.0, 0.0, 2.0, 0.0, 0.0, 2.0, 2.0, 1.0, 2.0, 4.0, 5.0, 2.0, 0.0, 2.0, 4.0, 3.0, 4.0, 2.0, 7.0, 5.0, 1.0, 3.0, 5.0, 13.0, 81.0, 10.0, 13.0, 7.0, 4.0, 2.0, 4.0, 1.0, 5.0, 2.0, 1.0, 4.0, 3.0, 3.0, 2.0, 2.0, 1.0, 5.0, 2.0, 2.0, 0.0, 2.0, 1.0, 3.0, 4.0, 1.0, 3.0, 2.0, 2.0, 3.0, 1.0, 1.0, 1.0], "bins": [-0.0014919474488124251, -0.0014450706075876951, -0.001398193766362965, -0.001351316925138235, -0.0013044399674981833, -0.0012575631262734532, -0.0012106862850487232, -0.0011638094438239932, -0.0011169326025992632, -0.0010700557613745332, -0.0010231789201498032, -0.0009763020207174122, -0.0009294251794926822, -0.0008825483382679522, -0.0008356714388355613, -0.0007887945976108313, -0.0007419177563861012, -0.0006950409151613712, -0.0006481640739366412, -0.0006012871745042503, -0.0005544103332795203, -0.0005075334920547903, -0.0004606566217262298, -0.0004137797513976693, -0.0003669029101729393, -0.0003200260689482093, -0.0002731491986196488, -0.00022627234284300357, -0.00017939548706635833, -0.00013251863128971308, -8.564177551306784e-05, -3.87649197364226e-05, 8.111936040222645e-06, 5.498879181686789e-05, 0.00010186564759351313, 0.00014874250337015837, 0.00019561935914680362, 0.00024249621492344886, 0.0002893730707000941, 0.0003362499410286546, 0.0003831267822533846, 0.0004300036234781146, 0.0004768804938066751, 0.0005237573641352355, 0.0005706342053599656, 0.0006175110465846956, 0.0006643879460170865, 0.0007112647872418165, 0.0007581416284665465, 0.0008050184696912766, 0.0008518953109160066, 0.0008987722103483975, 0.0009456490515731275, 0.0009925259510055184, 0.0010394027922302485, 0.0010862796334549785, 0.0011331564746797085, 0.0011800333159044385, 0.0012269101571291685, 0.0012737869983538985, 0.0013206638395786285, 0.0013675407972186804, 0.0014144176384434104, 0.0014612944796681404, 0.0015081713208928704]}, "gradients/linearlayers.1.0.weight": {"_type": "histogram", "values": [1.0, 0.0, 0.0, 1.0, 3.0, 1.0, 3.0, 5.0, 6.0, 8.0, 10.0, 17.0, 27.0, 20.0, 38.0, 43.0, 54.0, 62.0, 79.0, 95.0, 119.0, 133.0, 161.0, 222.0, 244.0, 303.0, 344.0, 512.0, 691.0, 896.0, 1166.0, 1922.0, 5256.0, 43299.0, 2738.0, 1532.0, 1018.0, 804.0, 643.0, 483.0, 374.0, 366.0, 282.0, 268.0, 206.0, 194.0, 160.0, 144.0, 124.0, 99.0, 86.0, 70.0, 61.0, 38.0, 29.0, 24.0, 14.0, 12.0, 9.0, 5.0, 6.0, 2.0, 3.0, 1.0], "bins": [-0.0010969153372570872, -0.001063822885043919, -0.0010307303164154291, -0.000997637864202261, -0.0009645453537814319, -0.0009314528433606029, -0.0008983603911474347, -0.0008652678807266057, -0.0008321753703057766, -0.0007990828598849475, -0.0007659903494641185, -0.0007328978972509503, -0.0006998053868301213, -0.0006667128764092922, -0.0006336204241961241, -0.000600527913775295, -0.000567435403354466, -0.0005343428929336369, -0.0005012503825128078, -0.0004681579302996397, -0.00043506541987881064, -0.0004019729094579816, -0.000368880428140983, -0.0003357879468239844, -0.0003026954364031553, -0.00026960292598232627, -0.00023651044466532767, -0.00020341794879641384, -0.0001703254529275, -0.00013723295705858618, -0.00010414046118967235, -7.104796532075852e-05, -3.7955353036522865e-05, -4.862857167609036e-06, 2.8229638701304793e-05, 6.132213457021862e-05, 9.441463043913245e-05, 0.00012750712630804628, 0.0001605996221769601, 0.00019369211804587394, 0.00022678461391478777, 0.0002598771243356168, 0.00029296960565261543, 0.00032606208696961403, 0.0003591545973904431, 0.00039224710781127214, 0.00042533958912827075, 0.00045843207044526935, 0.0004915245808660984, 0.0005246170912869275, 0.0005577096017077565, 0.0005908020539209247, 0.0006238945643417537, 0.0006569870747625828, 0.0006900795269757509, 0.00072317203739658, 0.000756264547817409, 0.0007893570582382381, 0.0008224495686590672, 0.0008555420208722353, 0.0008886345312930644, 0.0009217270417138934, 0.0009548194939270616, 0.0009879120625555515, 0.0010210045147687197]}, "gradients/linearlayers.0.0.bias": {"_type": "histogram", "values": [1.0, 0.0, 1.0, 1.0, 0.0, 1.0, 1.0, 0.0, 0.0, 0.0, 1.0, 0.0, 1.0, 3.0, 2.0, 3.0, 0.0, 0.0, 2.0, 5.0, 3.0, 1.0, 3.0, 2.0, 5.0, 2.0, 2.0, 4.0, 9.0, 7.0, 12.0, 7.0, 72.0, 12.0, 9.0, 8.0, 10.0, 6.0, 5.0, 6.0, 8.0, 3.0, 0.0, 4.0, 1.0, 2.0, 4.0, 4.0, 1.0, 0.0, 4.0, 2.0, 3.0, 4.0, 3.0, 0.0, 3.0, 0.0, 0.0, 1.0, 1.0, 0.0, 0.0, 1.0], "bins": [-0.00120112719014287, -0.0011641421588137746, -0.0011271571274846792, -0.0010901722125709057, -0.0010531871812418103, -0.001016202149912715, -0.0009792171185836196, -0.0009422321454621851, -0.0009052471723407507, -0.0008682621410116553, -0.00083127710968256, -0.0007942921365611255, -0.0007573071052320302, -0.0007203221321105957, -0.0006833371007815003, -0.0006463521276600659, -0.0006093670963309705, -0.0005723820650018752, -0.0005353970918804407, -0.0004984120605513453, -0.0004614270874299109, -0.00042444205610081553, -0.00038745705387555063, -0.0003504720516502857, -0.0003134870494250208, -0.0002765020471997559, -0.000239517044974491, -0.00020253202819731086, -0.00016554702597204596, -0.00012856202374678105, -9.157701424555853e-05, -5.4592008382314816e-05, -1.7607002519071102e-05, 1.9378003344172612e-05, 5.6363009207416326e-05, 9.334801870863885e-05, 0.00013033302093390375, 0.00016731802315916866, 0.0002043030399363488, 0.0002412880421616137, 0.0002782730443868786, 0.0003152580466121435, 0.0003522430488374084, 0.00038922805106267333, 0.0004262130823917687, 0.0004631980846170336, 0.0005001830868422985, 0.000537168059963733, 0.0005741530912928283, 0.0006111381226219237, 0.0006481230957433581, 0.0006851081270724535, 0.000722093100193888, 0.0007590781315229833, 0.0007960631046444178, 0.0008330481359735131, 0.0008700331673026085, 0.0009070181404240429, 0.0009440031717531383, 0.0009809881448745728, 0.0010179731762036681, 0.0010549582075327635, 0.001091943122446537, 0.0011289281537756324, 0.0011659131851047277]},