{"num_of_examples": 7600, "train_loss": 0.00015547508432064205, "_timestamp": 1715201277.7188046, "_runtime": 307.5953257083893, "_step": 20, "gradients/output.bias": {"_type": "histogram", "values": [1.0], "bins": [0.018543090671300888, 0.018543090671300888]}, "gradients/output.weight": {"_type": "histogram", "values": [112.0, 10.0, 14.0, 9.0, 5.0, 3.0, 7.0, 3.0, 5.0, 3.0, 8.0, 6.0, 3.0, 6.0, 2.0, 3.0, 1.0, 2.0, 1.0, 3.0, 4.0, 7.0, 1.0, 3.0, 3.0, 4.0, 0.0, 3.0, 2.0, 3.0, 0.0, 0.0, 2.0, 1.0, 0.0, 2.0, 2.0, 1.0, 1.0, 2.0, 1.0, 2.0, 0.0, 0.0, 0.0, 0.0, 0.0, 1.0, 1.0, 2.0, 0.0, 0.0, 0.0, 0.0, 0.0, 0.0, 0.0, 0.0, 0.0, 0.0, 1.0, 0.0, 0.0, 1.0], "bins": [-5.634039553115144e-06, 2.358976416871883e-05, 5.2813567890552804e-05, 8.203736797440797e-05, 0.00011126117897219956, 0.00014048497541807592, 0.0001697087864158675, 0.00019893258286174387, 0.00022815639385953546, 0.0002573801903054118, 0.0002866039867512882, 0.000315827812300995, 0.00034505160874687135, 0.0003742754051927477, 0.00040349920163862407, 0.0004327230271883309, 0.00046194682363420725, 0.0004911706200800836, 0.00052039441652596, 0.0005496182129718363, 0.0005788420094177127, 0.00060806586407125, 0.0006372896605171263, 0.0006665134569630027, 0.000695737253408879, 0.0007249610498547554, 0.0007541848463006318, 0.0007834086427465081, 0.0008126324391923845, 0.0008418562938459218, 0.0008710800902917981, 0.0009003038867376745, 0.0009295276831835508, 0.0009587514796294272, 0.0009879752760753036, 0.0010171991307288408, 0.0010464228689670563, 0.0010756467236205935, 0.001104870461858809, 0.0011340943165123463, 0.0011633180547505617, 0.001192541909404099, 0.0012217657640576363, 0.0012509895022958517, 0.001280213356949389, 0.0013094370951876044, 0.0013386609498411417, 0.0013678846880793571, 0.0013971085427328944, 0.0014263323973864317, 0.0014555561356246471, 0.0014847799902781844, 0.0015140037285163999, 0.0015432275831699371, 0.0015724513214081526, 0.0016016751760616899, 0.0016308990307152271, 0.0016601227689534426, 0.0016893466236069798, 0.0017185703618451953, 0.0017477942164987326, 0.001777017954736948, 0.0018062418093904853, 0.0018354655476287007, 0.001864689402282238]}, "gradients/linearlayers.1.0.bias": {"_type": "histogram", "values": [1.0, 0.0, 0.0, 0.0, 0.0, 0.0, 0.0, 1.0, 0.0, 0.0, 1.0, 2.0, 2.0, 2.0, 1.0, 1.0, 2.0, 0.0, 2.0, 4.0, 0.0, 3.0, 4.0, 2.0, 4.0, 3.0, 3.0, 5.0, 2.0, 4.0, 9.0, 4.0, 97.0, 7.0, 4.0, 3.0, 4.0, 2.0, 3.0, 1.0, 3.0, 4.0, 4.0, 1.0, 1.0, 5.0, 0.0, 2.0, 5.0, 5.0, 5.0, 7.0, 3.0, 3.0, 5.0, 3.0, 1.0, 3.0, 0.0, 0.0, 3.0, 2.0, 5.0, 3.0], "bins": [-0.0012384210713207722, -0.0012003822484984994, -0.0011623433092609048, -0.001124304486438632, -0.0010862655472010374, -0.0010482267243787646, -0.00101018778514117, -0.0009721489041112363, -0.0009341100230813026, -0.0008960712002590299, -0.0008580323192290962, -0.0008199934381991625, -0.0007819545571692288, -0.0007439156761392951, -0.0007058767951093614, -0.0006678379140794277, -0.000629799033049494, -0.0005917601520195603, -0.0005537212709896266, -0.000515682389959693, -0.00047764350892975926, -0.00043960465700365603, -0.00040156577597372234, -0.00036352689494378865, -0.00032548801391385496, -0.00028744913288392127, -0.0002494102518539876, -0.0002113713853759691, -0.00017333250434603542, -0.00013529362331610173, -9.725474956212565e-05, -5.921587217017077e-05, -2.1176994778215885e-05, 1.6861882613739e-05, 5.490076000569388e-05, 9.293963375966996e-05, 0.00013097851478960365, 0.00016901739581953734, 0.0002070562622975558, 0.0002450951433274895, 0.0002831340243574232, 0.0003211729053873569, 0.00035921178641729057, 0.00039725066744722426, 0.0004352895193733275, 0.0004733284004032612, 0.0005113672814331949, 0.0005494061624631286, 0.0005874450434930623, 0.000625483924522996, 0.0006635228055529296, 0.0007015616865828633, 0.000739600567612797, 0.0007776394486427307, 0.0008156783296726644, 0.0008537172107025981, 0.0008917560335248709, 0.0009297949145548046, 0.0009678337955847383, 0.0010058727348223329, 0.0010439115576446056, 0.0010819504968822002, 0.001119989319704473, 0.0011580282589420676, 0.0011960670817643404]}, "gradients/linearlayers.1.0.weight": {"_type": "histogram", "values": [1.0, 1.0, 1.0, 4.0, 4.0, 3.0, 0.0, 5.0, 3.0, 10.0, 9.0, 7.0, 13.0, 17.0, 31.0, 37.0, 30.0, 37.0, 57.0, 75.0, 115.0, 123.0, 162.0, 229.0, 257.0, 343.0, 431.0, 563.0, 784.0, 1004.0, 1556.0, 3010.0, 44685.0, 2343.0, 1687.0, 1285.0, 1093.0, 816.0, 737.0, 603.0, 521.0, 410.0, 322.0, 292.0, 271.0, 218.0, 211.0, 192.0, 166.0, 139.0, 95.0, 108.0, 77.0, 52.0, 53.0, 39.0, 26.0, 32.0, 33.0, 41.0, 33.0, 14.0, 13.0, 7.0], "bins": [-0.00010002344060922042, -9.691793820820749e-05, -9.381243580719456e-05, -9.070693340618163e-05, -8.76014310051687e-05, -8.449592860415578e-05, -8.139042620314285e-05, -7.828492380212992e-05, -7.5179421401117e-05, -7.207391900010407e-05, -6.896841659909114e-05, -6.586291419807822e-05, -6.275741179706529e-05, -5.965190939605236e-05, -5.654640699503943e-05, -5.3440904594026506e-05, -5.033540219301358e-05, -4.722989979200065e-05, -4.4124397390987724e-05, -4.10188949899748e-05, -3.791339258896187e-05, -3.480789018794894e-05, -3.1702387786936015e-05, -2.8596885385923088e-05, -2.549138298491016e-05, -2.2385880583897233e-05, -1.9280378182884306e-05, -1.617487578187138e-05, -1.3069373380858451e-05, -9.963870979845524e-06, -6.8583685788325965e-06, -3.7528661778196692e-06, -6.473710527643561e-07, 2.458131348248571e-06, 5.5636337492614985e-06, 8.669136150274426e-06, 1.1774638551287353e-05, 1.488014095230028e-05, 1.7985643353313208e-05, 2.1091145754326135e-05, 2.4196648155339062e-05, 2.730215055635199e-05, 3.0407652957364917e-05, 3.3513155358377844e-05, 3.661865775939077e-05, 3.97241601604037e-05, 4.2829662561416626e-05, 4.593516496242955e-05, 4.904066736344248e-05, 5.214616976445541e-05, 5.5251672165468335e-05, 5.835717456648126e-05, 6.146267696749419e-05, 6.456817936850712e-05, 6.767368176952004e-05, 7.077918417053297e-05, 7.38846865715459e-05, 7.699018897255883e-05, 8.009569137357175e-05, 8.320119377458468e-05, 8.630669617559761e-05, 8.941219857661054e-05, 9.251770097762346e-05, 9.562320337863639e-05, 9.872870577964932e-05]}, "gradients/linearlayers.0.0.bias": {"_type": "histogram", "values": [1.0, 0.0, 0.0, 0.0, 0.0, 0.0, 0.0, 0.0, 1.0, 0.0, 0.0, 0.0, 0.0, 0.0, 0.0, 0.0, 0.0, 2.0, 1.0, 2.0, 5.0, 2.0, 3.0, 7.0, 8.0, 5.0, 8.0, 7.0, 89.0, 11.0, 8.0, 5.0, 5.0, 4.0, 4.0, 4.0, 1.0, 9.0, 4.0, 6.0, 6.0, 5.0, 4.0, 2.0, 3.0, 6.0, 6.0, 1.0, 1.0, 2.0, 3.0, 3.0, 2.0, 1.0, 1.0, 3.0, 0.0, 1.0, 2.0, 0.0, 1.0, 0.0, 0.0, 1.0],