{"num_of_examples": 0, "train_loss": 0.00023403165861964225, "_timestamp": 1715202219.901227, "_runtime": 7.022093057632446, "_step": 1, "num_of_test_examples": 0, "test_loss": 0.022886449471116066, "_wandb": {"runtime": 12}}