{"num_of_examples": [79200], "train_loss": [4.627434376743622e-05], "_timestamp": 1715200073.6002622, "_runtime": 2666.9367911815643, "_step": 198, "gradients/output.bias": {"_type": "histogram", "values": [1.0], "bins": [-0.01146669127047062, -0.01146669127047062]}, "gradients/output.weight": {"_type": "histogram", "values": [1.0, 0.0, 0.0, 0.0, 0.0, 0.0, 0.0, 0.0, 0.0, 0.0, 0.0, 0.0, 0.0, 0.0, 0.0, 0.0, 0.0, 0.0, 1.0, 2.0, 1.0, 4.0, 1.0, 2.0, 2.0, 1.0, 3.0, 2.0, 1.0, 2.0, 2.0, 5.0, 3.0, 1.0, 3.0, 3.0, 1.0, 4.0, 2.0, 2.0, 5.0, 4.0, 3.0, 1.0, 4.0, 11.0, 4.0, 6.0, 2.0, 2.0, 2.0, 1.0, 4.0, 3.0, 6.0, 1.0, 3.0, 5.0, 1.0, 9.0, 15.0, 10.0, 21.0, 84.0], "bins": [-0.0014568532351404428, -0.0014337655156850815, -0.0014106777962297201, -0.001387589960359037, -0.0013645022409036756, -0.0013414145214483142, -0.0013183268019929528, -0.0012952389661222696, -0.0012721512466669083, -0.001249063527211547, -0.0012259758077561855, -0.0012028879718855023, -0.001179800252430141, -0.0011567125329747796, -0.0011336248135194182, -0.001110536977648735, -0.0010874492581933737, -0.0010643615387380123, -0.001041273819282651, -0.0010181860998272896, -0.0009950982639566064, -0.000972010544501245, -0.0009489228250458837, -0.0009258350473828614, -0.0009027473279275, -0.0008796595502644777, -0.0008565718308091164, -0.0008334840531460941, -0.0008103963336907327, -0.0007873085560277104, -0.0007642208365723491, -0.0007411330589093268, -0.0007180453394539654, -0.0006949575617909431, -0.0006718698423355818, -0.0006487821228802204, -0.0006256943452171981, -0.0006026066257618368, -0.0005795188480988145, -0.0005564311286434531, -0.0005333433509804308, -0.0005102556315250695, -0.00048716788296587765, -0.00046408013440668583, -0.000440992385847494, -0.0004179046372883022, -0.00039481688872911036, -0.00037172914016991854, -0.0003486413916107267, -0.0003255536430515349, -0.00030246589449234307, -0.00027937814593315125, -0.0002562903973739594, -0.0002332026488147676, -0.000210114914807491, -0.00018702716624829918, -0.00016393941768910736, -0.00014085166912991554, -0.00011776392057072371, -9.467617201153189e-05, -7.158843072829768e-05, -4.850068216910586e-05, -2.5412935428903438e-05, -2.3251886887010187e-06, 2.07625580515014e-05]}, "gradients/linearlayers.1.0.bias": {"_type": "histogram", "values": [1.0, 0.0, 2.0, 3.0, 1.0, 2.0, 1.0, 5.0, 2.0, 5.0, 4.0, 1.0, 3.0, 4.0, 3.0, 2.0, 3.0, 4.0, 7.0, 5.0, 1.0, 4.0, 6.0, 2.0, 4.0, 4.0, 1.0, 1.0, 7.0, 4.0, 6.0, 3.0, 4.0, 86.0, 8.0, 6.0, 3.0, 6.0, 3.0, 1.0, 2.0, 0.0, 2.0, 1.0, 4.0, 3.0, 0.0, 1.0, 2.0, 0.0, 0.0, 3.0, 3.0, 4.0, 2.0, 4.0, 1.0, 0.0, 1.0, 0.0, 2.0, 0.0, 1.0, 2.0], "bins": [-0.000818368571344763, -0.0007940277573652565, -0.000769687001593411, -0.0007453461876139045, -0.000721005373634398, -0.0006966645596548915, -0.000672323745675385, -0.0006479829899035394, -0.0006236421759240329, -0.0005993013619445264, -0.0005749606061726809, -0.0005506197921931744, -0.0005262789782136679, -0.0005019381642341614, -0.00047759737935848534, -0.0004532565944828093, -0.0004289157805033028, -0.0004045749665237963, -0.0003802341816481203, -0.00035589339677244425, -0.00033155258279293776, -0.00030721176881343126, -0.0002828709839377552, -0.0002585301990620792, -0.0002341893850825727, -0.00020984858565498143, -0.00018550778622739017, -0.0001611669867997989, -0.00013682618737220764, -0.00011248538794461638, -8.814458851702511e-05, -6.380378908943385e-05, -3.9462989661842585e-05, -1.512219023425132e-05, 9.218609193339944e-06, 3.355940862093121e-05, 5.790020804852247e-05, 8.224100747611374e-05, 0.000106581806903705, 0.00013092260633129627, 0.00015526340575888753, 0.0001796042051864788, 0.00020394500461407006, 0.00022828580404166132, 0.0002526266034692526, 0.0002769674174487591, 0.0003013082023244351, 0.00032564898720011115, 0.00034998980117961764, 0.00037433061515912414, 0.00039867140003480017, 0.0004230121849104762, 0.0004473529988899827, 0.0004716938128694892, 0.0004960346268489957, 0.0005203753826208413, 0.0005447161966003478, 0.0005690570105798542, 0.0005933977663516998, 0.0006177385803312063, 0.0006420793943107128, 0.0006664202082902193, 0.0006907610222697258, 0.0007151017780415714, 0.0007394425920210779]}, "gradients/linearlayers.1.0.weight": {"_type": "histogram", "values": [1.0, 1.0, 2.0, 4.0, 6.0, 6.0, 12.0, 15.0, 21.0, 31.0, 31.0, 62.0, 58.0, 76.0, 101.0, 113.0, 136.0, 178.0, 222.0, 236.0, 299.0, 361.0, 391.0, 472.0, 509.0, 583.0, 654.0, 748.0, 863.0, 1129.0, 1662.0, 2768.0, 5593.0, 41617.0, 1777.0, 1143.0, 645.0, 433.0, 386.0, 324.0, 274.0, 264.0, 231.0, 212.0, 174.0, 134.0, 132.0, 115.0, 81.0, 51.0, 52.0, 45.0, 29.0, 20.0, 18.0, 10.0, 8.0, 5.0, 3.0, 2.0, 4.0, 1.0, 1.0, 1.0], "bins": [-8.855063060764223e-05, -8.588198397774249e-05, -8.321333734784275e-05, -8.054469071794301e-05, -7.787604408804327e-05, -7.520740473410115e-05, -7.25387581042014e-05, -6.987011147430167e-05, -6.720146484440193e-05, -6.453281821450219e-05, -6.186417158460245e-05, -5.919552859268151e-05, -5.652688196278177e-05, -5.385823533288203e-05, -5.11895923409611e-05, -4.852094571106136e-05, -4.585229908116162e-05, -4.318365245126188e-05, -4.051500582136214e-05, -3.7846362829441205e-05, -3.5177716199541464e-05, -3.2509069569641724e-05, -2.9840424758731388e-05, -2.717177994782105e-05, -2.450313331792131e-05, -2.183448668802157e-05, -1.9165841877111234e-05, -1.6497197066200897e-05, -1.3828550436301157e-05, -1.1159904715896118e-05, -8.49125899549108e-06, -5.8226132750860415e-06, -3.1539748306386173e-06, -4.853291102335788e-07, 2.1833166101714596e-06, 4.851962330576498e-06, 7.5206080509815365e-06, 1.0189253771386575e-05, 1.2857899491791613e-05, 1.552654430270195e-05, 1.819519093260169e-05, 2.086383756250143e-05, 2.3532482373411767e-05, 2.6201127184322104e-05, 2.8869773814221844e-05, 3.1538420444121584e-05, 3.420706343604252e-05, 3.687571006594226e-05, 3.9544356695842e-05, 4.221300332574174e-05, 4.488164995564148e-05, 4.755029294756241e-05, 5.021893957746215e-05, 5.288758620736189e-05, 5.5556229199282825e-05, 5.8224875829182565e-05, 6.0893522459082305e-05, 6.356216908898205e-05, 6.623081571888179e-05, 6.889946234878153e-05, 7.156810897868127e-05, 7.423674833262339e-05, 7.690539496252313e-05, 7.957404159242287e-05, 8.224268822232261e-05]}, "gradients/linearlayers.0.0.bias": {"_type": "histogram", "values": [2.0, 0.0, 3.0, 1.0, 1.0, 3.0, 1.0, 2.0, 1.0, 4.0, 2.0, 2.0, 3.0, 5.0, 7.0, 4.0, 3.0, 4.0, 6.0, 6.0, 6.0, 4.0, 6.0, 2.0, 6.0, 1.0, 4.0, 94.0, 18.0, 9.0, 7.0, 6.0, 1.0, 2.0, 1.0, 5.0, 1.0, 2.0, 2.0, 2.0, 4.0, 3.0, 1.0, 0.0, 3.0, 0.0, 0.0, 0.0, 1.0, 0.0, 0.0, 0.0, 0.0, 0.0, 0.0, 2.0, 1.0, 0.0, 1.0, 0.0, 0.0, 0.0, 0.0, 1.0],