{"num_of_examples": 3200, "train_loss": 0.00016029608581447975, "_timestamp": 1715202104.0074341, "_runtime": 33.499181032180786, "_step": 8, "gradients/output.bias": {"_type": "histogram", "values": [1.0], "bins": [0.0136661222204566, 0.0136661222204566]}, "gradients/output.weight": {"_type": "histogram", "values": [2.0, 117.0, 18.0, 5.0, 4.0, 6.0, 2.0, 7.0, 3.0, 4.0, 2.0, 1.0, 3.0, 4.0, 2.0, 5.0, 2.0, 4.0, 0.0, 6.0, 4.0, 7.0, 2.0, 4.0, 5.0, 1.0, 2.0, 1.0, 1.0, 0.0, 3.0, 2.0, 4.0, 2.0, 2.0, 1.0, 1.0, 0.0, 1.0, 1.0, 0.0, 2.0, 2.0, 0.0, 1.0, 2.0, 0.0, 2.0, 0.0, 0.0, 2.0, 0.0, 0.0, 0.0, 0.0, 0.0, 0.0, 0.0, 0.0, 1.0, 0.0, 0.0, 1.0, 2.0], "bins": [-0.00017727125668898225, -6.386944005498663e-05, 4.9532376579008996e-05, 0.000162934185937047, 0.00027633600984700024, 0.0003897378337569535, 0.0005031396285630763, 0.00061654148157686, 0.0007299432763829827, 0.0008433450711891055, 0.0009567469242028892, 0.001070148777216673, 0.0011835505720227957, 0.0012969523668289185, 0.0014103541616350412, 0.001523755956441164, 0.0016371577512472868, 0.0017505596624687314, 0.0018639614572748542, 0.001977363368496299, 0.0020907651633024216, 0.0022041669581085443, 0.002317568752914667, 0.00243097054772079, 0.0025443723425269127, 0.0026577741373330355, 0.0027711759321391582, 0.002884577726945281, 0.002997979521751404, 0.0031113813165575266, 0.003224783344194293, 0.003338185139000416, 0.0034515869338065386, 0.0035649887286126614, 0.003678390523418784, 0.003791792318224907, 0.0039051941130310297, 0.0040185959078371525, 0.004131997935473919, 0.004245399497449398, 0.0043588015250861645, 0.004472203087061644, 0.00458560511469841, 0.0046990071423351765, 0.004812408704310656, 0.004925810731947422, 0.005039212293922901, 0.005152614321559668, 0.005266015883535147, 0.005379417911171913, 0.005492819473147392, 0.005606221500784159, 0.005719623062759638, 0.005833025090396404, 0.005946427118033171, 0.00605982868000865, 0.006173230707645416, 0.006286632269620895, 0.006400034297257662, 0.006513435859233141, 0.006626837886869907, 0.0067402394488453865, 0.006853641476482153, 0.006967043038457632, 0.0070804450660943985]}, "gradients/linearlayers.1.0.bias": {"_type": "histogram", "values": [1.0, 1.0, 0.0, 0.0, 1.0, 2.0, 2.0, 1.0, 1.0, 0.0, 0.0, 2.0, 2.0, 1.0, 4.0, 2.0, 4.0, 2.0, 2.0, 2.0, 0.0, 1.0, 2.0, 1.0, 4.0, 5.0, 2.0, 5.0, 3.0, 7.0, 8.0, 105.0, 12.0, 6.0, 3.0, 3.0, 6.0, 5.0, 2.0, 2.0, 3.0, 3.0, 3.0, 2.0, 0.0, 3.0, 3.0, 1.0, 2.0, 3.0, 0.0, 2.0, 4.0, 1.0, 1.0, 1.0, 0.0, 2.0, 2.0, 1.0, 2.0, 0.0, 2.0, 3.0], "bins": [-0.0008272441336885095, -0.0008012899197638035, -0.0007753357058390975, -0.0007493814337067306, -0.0007234272197820246, -0.0006974730058573186, -0.0006715187919326127, -0.0006455645198002458, -0.0006196103058755398, -0.0005936560919508338, -0.0005677018780261278, -0.0005417476641014218, -0.0005157933919690549, -0.000489839178044349, -0.000463884964119643, -0.00043793072109110653, -0.00041197650716640055, -0.00038602229324169457, -0.00036006805021315813, -0.00033411383628845215, -0.0003081595932599157, -0.00028220537933520973, -0.0002562511363066733, -0.0002302969223819673, -0.0002043426939053461, -0.00017838846542872488, -0.00015243423695210367, -0.00012648000847548246, -0.00010052578727481887, -7.457155879819766e-05, -4.861733395955525e-05, -2.2663107301923446e-05, 3.2911193557083607e-06, 2.9245346013340168e-05, 5.5199572670971975e-05, 8.115379750961438e-05, 0.00010710802598623559, 0.00013306224718689919, 0.0001590164756635204, 0.0001849707041401416, 0.00021092493261676282, 0.00023687916109338403, 0.00026283337501809, 0.00028878761804662645, 0.00031474183197133243, 0.00034069607499986887, 0.00036665028892457485, 0.0003926045319531113, 0.0004185587458778173, 0.00044451295980252326, 0.0004704672028310597, 0.0004964214167557657, 0.0005223756306804717, 0.0005483299028128386, 0.0005742841167375445, 0.0006002383306622505, 0.0006261925445869565, 0.0006521467585116625, 0.0006781010306440294, 0.0007040552445687354, 0.0007300094584934413, 0.0007559636724181473, 0.0007819179445505142, 0.0008078721584752202, 0.0008338263723999262]}, "gradients/linearlayers.1.0.weight": {"_type": "histogram", "values": [1.0, 1.0, 0.0, 0.0, 1.0, 4.0, 1.0, 3.0, 1.0, 3.0, 4.0, 9.0, 9.0, 6.0, 13.0, 22.0, 22.0, 30.0, 40.0, 58.0, 53.0, 80.0, 123.0, 197.0, 231.0, 295.0, 460.0, 572.0, 722.0, 1136.0, 2053.0, 48063.0, 4788.0, 1939.0, 1206.0, 772.0, 571.0, 483.0, 369.0, 291.0, 223.0, 180.0, 108.0, 71.0, 54.0, 52.0, 51.0, 40.0, 30.0, 20.0, 10.0, 14.0, 14.0, 6.0, 5.0, 7.0, 4.0, 4.0, 3.0, 1.0, 2.0, 0.0, 2.0, 3.0], "bins": [-0.0008263742201961577, -0.0008004473056644201, -0.0007745203329250216, -0.0007485934183932841, -0.0007226665038615465, -0.000696739531122148, -0.0006708126165904105, -0.000644885643851012, -0.0006189587293192744, -0.0005930318147875369, -0.0005671048420481384, -0.0005411779275164008, -0.0005152509547770023, -0.0004893240402452648, -0.0004633971257135272, -0.0004374701820779592, -0.00041154323844239116, -0.00038561629480682313, -0.0003596893511712551, -0.00033376243663951755, -0.0003078354930039495, -0.0002819085493683815, -0.00025598163483664393, -0.0002300546912010759, -0.0002041277475655079, -0.00017820080392993987, -0.00015227387484628707, -0.00012634694576263428, -0.00010042000212706625, -7.449306576745585e-05, -4.856612940784544e-05, -2.263919304823503e-05, 3.287685103714466e-06, 2.9214621463324875e-05, 5.514155782293528e-05, 8.106849418254569e-05, 0.0001069954305421561, 0.00013292237417772412, 0.00015884930326137692, 0.0001847762323450297, 0.00021070317598059773, 0.00023663011961616576, 0.0002625570632517338, 0.00028848397778347135, 0.00031441092141903937, 0.0003403378650546074, 0.00036626477958634496, 0.000392191723221913, 0.000418118666857481, 0.000444045610493049, 0.00046997255412861705, 0.0004958994686603546, 0.0005218264413997531, 0.0005477533559314907, 0.0005736802704632282, 0.0005996072432026267, 0.0006255341577343643, 0.0006514610722661018, 0.0006773880450055003, 0.0007033149595372379, 0.0007292418740689754, 0.0007551688468083739, 0.0007810957613401115, 0.00080702273407951, 0.0008329496486112475]}, "gradients/linearlayers.0.0.bias": {"_type": "histogram", "values": [1.0, 0.0, 0.0, 1.0, 0.0, 0.0, 1.0, 0.0, 0.0, 0.0, 3.0, 2.0, 0.0, 1.0, 2.0, 0.0, 4.0, 2.0, 2.0, 3.0, 2.0, 2.0, 3.0, 6.0, 4.0, 9.0, 6.0, 7.0, 8.0, 14.0, 79.0, 15.0, 8.0, 10.0, 8.0, 6.0, 4.0, 2.0, 6.0, 3.0, 4.0, 3.0, 3.0, 2.0, 3.0, 1.0, 1.0, 3.0, 2.0, 0.0, 0.0, 2.0, 4.0, 1.0, 1.0, 1.0, 0.0, 0.0, 0.0, 0.0, 0.0, 0.0, 0.0, 1.0],