{"num_of_examples": 0, "train_loss": 0.00030284475535154344, "_timestamp": 1715202615.6001415, "_runtime": 7.890650510787964, "_step": 0, "_wandb": {"runtime": 8}}