{"num_of_examples": 0, "train_loss": 0.00036196880042552946, "_timestamp": 1715202240.6217408, "_runtime": 6.6043689250946045, "_step": 1, "num_of_test_examples": 0, "test_loss": 0.03316543251276016, "_wandb": {"runtime": 6}}