{"num_of_examples": 0, "train_loss": 0.0006775300949811936, "_timestamp": 1715202747.5947917, "_runtime": 9.054924726486206, "_step": 0, "_wandb": {"runtime": 11}}