{"num_of_examples": 7600, "train_loss": 0.0001601345627568662, "_timestamp": 1715201758.3152027, "_runtime": 371.176100730896, "_step": 144, "gradients/output.bias": {"_type": "histogram", "values": [1.0], "bins": [0.022466830909252167, 0.022466830909252167]}, "gradients/output.weight": {"_type": "histogram", "values": [1.0, 6.0, 105.0, 24.0, 11.0, 7.0, 7.0, 3.0, 5.0, 0.0, 4.0, 0.0, 3.0, 5.0, 2.0, 6.0, 3.0, 2.0, 2.0, 1.0, 4.0, 5.0, 5.0, 1.0, 6.0, 2.0, 3.0, 3.0, 1.0, 4.0, 3.0, 0.0, 3.0, 3.0, 1.0, 0.0, 0.0, 2.0, 3.0, 0.0, 0.0, 1.0, 1.0, 0.0, 2.0, 2.0, 0.0, 2.0, 0.0, 0.0, 0.0, 0.0, 0.0, 1.0, 0.0, 0.0, 0.0, 0.0, 0.0, 0.0, 0.0, 0.0, 0.0, 1.0], "bins": [-8.027315197978169e-05, -4.544296461972408e-05, -1.0612777259666473e-05, 2.4217410100391135e-05, 5.904759746044874e-05, 9.387778118252754e-05, 0.00012870796490460634, 0.00016353816317860037, 0.00019836834690067917, 0.00023319853062275797, 0.000268028728896752, 0.0003028589126188308, 0.0003376890963409096, 0.0003725192800629884, 0.0004073494637850672, 0.000442179647507146, 0.00047700986033305526, 0.0005118400440551341, 0.0005466702277772129, 0.0005815004114992917, 0.0006163305952213705, 0.0006511607789434493, 0.0006859909626655281, 0.0007208211463876069, 0.0007556513301096857, 0.0007904815138317645, 0.0008253116975538433, 0.0008601418812759221, 0.0008949721232056618, 0.0009298023069277406, 0.0009646324906498194, 0.0009994626743718982, 0.0010342927416786551, 0.001069122925400734, 0.0011039531091228127, 0.0011387832928448915, 0.0011736134765669703, 0.0012084436602890491, 0.001243273844011128, 0.0012781040277332067, 0.0013129342114552855, 0.0013477643951773643, 0.0013825945788994431, 0.001417424762621522, 0.0014522549463436007, 0.0014870851300656796, 0.0015219153137877584, 0.0015567454975098372, 0.0015915757976472378, 0.0016264059813693166, 0.0016612361650913954, 0.0016960663488134742, 0.001730896532535553, 0.0017657267162576318, 0.0018005568999797106, 0.0018353870837017894, 0.0018702172674238682, 0.001905047451145947, 0.0019398776348680258, 0.0019747077021747828, 0.0020095380023121834, 0.0020443680696189404, 0.002079198369756341, 0.002114028437063098, 0.0021488587372004986]}, "gradients/linearlayers.1.0.bias": {"_type": "histogram", "values": [1.0, 1.0, 1.0, 1.0, 0.0, 0.0, 1.0, 3.0, 1.0, 0.0, 1.0, 1.0, 1.0, 1.0, 2.0, 2.0, 0.0, 1.0, 1.0, 1.0, 1.0, 2.0, 2.0, 2.0, 3.0, 1.0, 3.0, 9.0, 4.0, 15.0, 92.0, 12.0, 10.0, 8.0, 4.0, 2.0, 2.0, 1.0, 4.0, 3.0, 1.0, 1.0, 0.0, 0.0, 4.0, 5.0, 7.0, 3.0, 1.0, 4.0, 3.0, 2.0, 1.0, 0.0, 5.0, 0.0, 3.0, 4.0, 3.0, 2.0, 3.0, 1.0, 1.0, 2.0], "bins": [-0.0012799041578546166, -0.0012380103580653667, -0.0011961166746914387, -0.0011542228749021888, -0.0011123290751129389, -0.0010704353917390108, -0.001028541591949761, -0.0009866479085758328, -0.000944754108786583, -0.000902860367204994, -0.000860966625623405, -0.0008190728258341551, -0.0007771790842525661, -0.0007352853426709771, -0.0006933915428817272, -0.0006514978013001382, -0.0006096040597185493, -0.0005677103181369603, -0.0005258165765553713, -0.0004839227767661214, -0.0004420290351845324, -0.0004001352936029434, -0.000358241522917524, -0.00031634775223210454, -0.00027445401065051556, -0.00023256025451701134, -0.00019066649838350713, -0.00014877274225000292, -0.00010687898611649871, -6.49852299829945e-05, -2.3091473849490285e-05, 1.8802282284013927e-05, 6.069603841751814e-05, 0.00010258979455102235, 0.00014448355068452656, 0.00018637730681803077, 0.000228271062951535, 0.00027016480453312397, 0.0003120585752185434, 0.00035395234590396285, 0.00039584608748555183, 0.0004377398290671408, 0.00047963359975256026, 0.0005215273704379797, 0.0005634211120195687, 0.0006053148536011577, 0.0006472086533904076, 0.0006891023949719965, 0.0007309961365535855, 0.0007728898781351745, 0.0008147836197167635, 0.0008566774195060134, 0.0008985711610876024, 0.0009404649026691914, 0.0009823587024584413, 0.0010242523858323693, 0.0010661461856216192, 0.0011080399854108691, 0.0011499336687847972, 0.001191827468574047, 0.0012337211519479752, 0.001275614951737225, 0.001317508751526475, 0.001359402434900403, 0.001401296234689653]}, "gradients/linearlayers.1.0.weight": {"_type": "histogram", "values": [5.0, 1.0, 3.0, 2.0, 2.0, 2.0, 0.0, 5.0, 3.0, 8.0, 4.0, 6.0, 10.0, 8.0, 15.0, 26.0, 28.0, 40.0, 41.0, 75.0, 90.0, 118.0, 135.0, 169.0, 268.0, 299.0, 459.0, 644.0, 1166.0, 2677.0, 46925.0, 4568.0, 1780.0, 1187.0, 981.0, 747.0, 617.0, 530.0, 420.0, 327.0, 250.0, 168.0, 148.0, 127.0, 112.0, 79.0, 66.0, 29.0, 31.0, 25.0, 15.0, 13.0, 12.0, 8.0, 16.0, 4.0, 8.0, 9.0, 5.0, 7.0, 5.0, 2.0, 2.0, 4.0], "bins": [-0.00014064808783587068, -0.00013604440027847886, -0.00013144071272108704, -0.00012683702516369522, -0.00012223335215821862, -0.00011762965732486919, -0.00011302597704343498, -0.00010842228948604316, -0.00010381860192865133, -9.921491437125951e-05, -9.461122681386769e-05, -9.000754653243348e-05, -8.540385897504166e-05, -8.080017141764984e-05, -7.619649113621563e-05, -7.15928035788238e-05, -6.698911602143198e-05, -6.238542846404016e-05, -5.7781744544627145e-05, -5.317806062521413e-05, -4.857437306782231e-05, -4.3970685510430485e-05, -3.936700159101747e-05, -3.4763317671604455e-05, -3.0159630114212632e-05, -2.5555944375810213e-05, -2.0952258637407795e-05, -1.6348572899005376e-05, -1.1744887160602957e-05, -7.141201422200538e-06, -2.5375156837981194e-06, 2.0661700546042994e-06, 6.66984124109149e-06, 1.1273526979493909e-05, 1.5877212717896327e-05, 2.0480898456298746e-05, 2.5084584194701165e-05, 2.9688269933103584e-05, 3.4291955671506e-05, 3.889563959091902e-05, 4.349932714831084e-05, 4.810301470570266e-05, 5.270669862511568e-05, 5.731038254452869e-05, 6.191407010192052e-05, 6.651775765931234e-05, 7.112143794074655e-05, 7.572512549813837e-05, 8.032881305553019e-05, 8.493250061292201e-05, 8.953618817031384e-05, 9.413986845174804e-05, 9.874355600913987e-05, 0.00010334724356653169, 0.0001079509238479659, 0.00011255461140535772, 0.00011715829896274954, 0.00012176198652014136, 0.00012636567407753319, 0.000130969361634925, 0.0001355730346404016, 0.00014017672219779342, 0.00014478040975518525, 0.00014938409731257707, 0.0001539877848699689]}, "gradients/linearlayers.0.0.bias": {"_type": "histogram", "values": [1.0, 1.0, 0.0, 1.0, 0.0, 0.0, 0.0, 0.0, 0.0, 0.0, 0.0, 0.0, 1.0, 2.0, 1.0, 2.0, 3.0, 1.0, 3.0, 2.0, 3.0, 5.0, 6.0, 7.0, 18.0, 85.0, 18.0, 9.0, 7.0, 9.0, 3.0, 7.0, 2.0, 6.0, 9.0, 4.0, 4.0, 5.0, 4.0, 5.0, 6.0, 3.0, 2.0, 2.0, 1.0, 1.0, 2.0, 0.0, 0.0, 0.0, 2.0, 0.0, 1.0, 0.0, 1.0, 0.0, 0.0, 0.0, 0.0, 0.0, 0.0, 0.0, 0.0, 1.0],