{"num_of_examples": [4800], "train_loss": [0.0001951644418295473], "_timestamp": 1715200297.2782547, "_runtime": 187.85149383544922, "_step": 12, "gradients/output.bias": {"_type": "histogram", "values": [1.0], "bins": [-0.0014243843033909798, -0.0014243843033909798]}, "gradients/output.weight": {"_type": "histogram", "values": [2.0, 2.0, 1.0, 0.0, 0.0, 4.0, 3.0, 2.0, 2.0, 2.0, 4.0, 2.0, 3.0, 12.0, 96.0, 17.0, 7.0, 7.0, 6.0, 8.0, 9.0, 4.0, 4.0, 6.0, 2.0, 1.0, 5.0, 7.0, 5.0, 2.0, 8.0, 3.0, 3.0, 1.0, 2.0, 1.0, 0.0, 2.0, 1.0, 2.0, 4.0, 0.0, 0.0, 0.0, 0.0, 0.0, 0.0, 1.0, 0.0, 1.0, 0.0, 0.0, 0.0, 0.0, 0.0, 1.0, 0.0, 0.0, 0.0, 0.0, 0.0, 0.0, 0.0, 1.0], "bins": [-0.0003295772476121783, -0.000306651956634596, -0.00028372666565701365, -0.00026080134557560086, -0.00023787605459801853, -0.0002149507636204362, -0.00019202545809093863, -0.00016910015256144106, -0.00014617486158385873, -0.0001232495706062764, -0.00010032426507677883, -7.739896682323888e-05, -5.447366856969893e-05, -3.154837031615898e-05, -8.62307206261903e-06, 1.430222619092092e-05, 3.722752444446087e-05, 6.015282269800082e-05, 8.307812095154077e-05, 0.00010600341920508072, 0.00012892871745862067, 0.000151854008436203, 0.00017477931396570057, 0.00019770461949519813, 0.00022062991047278047, 0.0002435552014503628, 0.00026648049242794514, 0.00028940581250935793, 0.00031233110348694026, 0.0003352563944645226, 0.0003581817145459354, 0.00038110700552351773, 0.00040403229650110006, 0.0004269575874786824, 0.00044988287845626473, 0.0004728081985376775, 0.0004957334604114294, 0.0005186587804928422, 0.000541584100574255, 0.0005645093624480069, 0.0005874346825294197, 0.0006103600026108325, 0.0006332852644845843, 0.0006562105845659971, 0.0006791359046474099, 0.0007020611665211618, 0.0007249864866025746, 0.0007479117484763265, 0.0007708370685577393, 0.000793762388639152, 0.0008166876505129039, 0.0008396129705943167, 0.0008625382324680686, 0.0008854635525494814, 0.0009083888726308942, 0.0009313141345046461, 0.0009542394545860589, 0.0009771647164598107, 0.0010000900365412235, 0.0010230153566226363, 0.0010459406767040491, 0.001068865996785462, 0.0010917912004515529, 0.0011147165205329657, 0.0011376418406143785]}, "gradients/linearlayers.1.0.bias": {"_type": "histogram", "values": [1.0, 1.0, 0.0, 1.0, 0.0, 0.0, 0.0, 0.0, 1.0, 1.0, 0.0, 0.0, 0.0, 1.0, 0.0, 0.0, 0.0, 0.0, 2.0, 2.0, 1.0, 1.0, 3.0, 2.0, 3.0, 2.0, 4.0, 2.0, 0.0, 0.0, 2.0, 4.0, 1.0, 7.0, 20.0, 32.0, 20.0, 94.0, 16.0, 5.0, 7.0, 1.0, 0.0, 1.0, 2.0, 4.0, 4.0, 0.0, 1.0, 1.0, 0.0, 0.0, 0.0, 0.0, 0.0, 1.0, 1.0, 1.0, 0.0, 0.0, 0.0, 1.0, 0.0, 2.0], "bins": [-0.0009125441429205239, -0.0008883436094038188, -0.0008641430758871138, -0.0008399425423704088, -0.0008157420088537037, -0.0007915414753369987, -0.0007673408836126328, -0.0007431403500959277, -0.0007189398165792227, -0.0006947392830625176, -0.0006705387495458126, -0.0006463382160291076, -0.0006221376825124025, -0.0005979371489956975, -0.0005737366154789925, -0.0005495360819622874, -0.0005253355484455824, -0.0005011349567212164, -0.00047693445230834186, -0.00045273388968780637, -0.00042853335617110133, -0.0004043328226543963, -0.00038013228913769126, -0.0003559317556209862, -0.0003317312221042812, -0.0003075306594837457, -0.00028333012596704066, -0.0002591295924503356, -0.00023492905893363059, -0.00021072851086501032, -0.00018652797734830528, -0.00016232742927968502, -0.00013812689576297998, -0.00011392635497031733, -8.972581417765468e-05, -6.552528066094965e-05, -4.1324739868287e-05, -1.712420089461375e-05, 7.0763380790594965e-06, 3.127687523374334e-05, 5.547741602640599e-05, 7.967795681906864e-05, 0.00010387849761173129, 0.00012807903112843633, 0.00015227956464514136, 0.00017648011271376163, 0.00020068064623046666, 0.00022488119429908693, 0.00024908172781579196, 0.000273282261332497, 0.00029748279484920204, 0.00032168335746973753, 0.00034588389098644257, 0.0003700844245031476, 0.00039428495801985264, 0.0004184854915365577, 0.0004426860250532627, 0.0004668865876737982, 0.0004910870920866728, 0.0005152876838110387, 0.0005394882173277438, 0.0005636887508444488, 0.0005878892843611538, 0.0006120898178778589, 0.0006362903513945639]}, "gradients/linearlayers.1.0.weight": {"_type": "histogram", "values": [1.0, 1.0, 1.0, 1.0, 0.0, 0.0, 0.0, 2.0, 0.0, 5.0, 1.0, 7.0, 1.0, 12.0, 14.0, 14.0, 19.0, 19.0, 18.0, 31.0, 38.0, 45.0, 66.0, 81.0, 94.0, 140.0, 187.0, 196.0, 275.0, 313.0, 403.0, 516.0, 807.0, 1341.0, 2063.0, 4115.0, 44234.0, 3342.0, 1833.0, 1229.0, 969.0, 703.0, 604.0, 414.0, 335.0, 281.0, 240.0, 160.0, 146.0, 80.0, 46.0, 30.0, 30.0, 11.0, 6.0, 6.0, 2.0, 2.0, 2.0, 0.0, 1.0, 2.0, 0.0, 1.0], "bins": [-0.00013708221376873553, -0.00013331795344129205, -0.00012955367856193334, -0.00012578940368257463, -0.00012202514335513115, -0.00011826087575173005, -0.00011449660814832896, -0.00011073234054492787, -0.00010696807294152677, -0.00010320380533812568, -9.943953773472458e-05, -9.567527013132349e-05, -9.191100252792239e-05, -8.81467349245213e-05, -8.43824673211202e-05, -8.061819971771911e-05, -7.685393211431801e-05, -7.308966451091692e-05, -6.932539690751582e-05, -6.556112930411473e-05, -6.179686170071363e-05, -5.803259409731254e-05, -5.4268326493911445e-05, -5.050405889051035e-05, -4.6739791287109256e-05, -4.297552368370816e-05, -3.9211256080307066e-05, -3.544698847690597e-05, -3.168272087350488e-05, -2.7918453270103782e-05, -2.4154185666702688e-05, -2.0389918063301593e-05, -1.6625643183942884e-05, -1.286137558054179e-05, -9.097107977140695e-06, -5.3328403737396e-06, -1.5685727703385055e-06, 2.195694833062589e-06, 5.959962436463684e-06, 9.724230039864779e-06, 1.3488497643265873e-05, 1.7252765246666968e-05, 2.1017032850068063e-05, 2.4781300453469157e-05, 2.8545568056870252e-05, 3.2309835660271347e-05, 3.607410326367244e-05, 3.9838370867073536e-05, 4.360263847047463e-05, 4.7366906073875725e-05, 5.113117367727682e-05, 5.4895441280677915e-05, 5.865970888407901e-05, 6.24239764874801e-05, 6.61882440908812e-05, 6.99525116942823e-05, 7.371677929768339e-05, 7.748104690108448e-05, 8.124531450448558e-05, 8.500958210788667e-05, 8.877384971128777e-05, 9.253811731468886e-05, 9.630238491808996e-05, 0.00010006665252149105, 0.00010383092012489215]}, "gradients/linearlayers.0.0.bias": {"_type": "histogram", "values": [1.0, 0.0, 0.0, 0.0, 1.0, 0.0, 0.0, 3.0, 1.0, 1.0, 0.0, 0.0, 0.0, 1.0, 1.0, 0.0, 4.0, 2.0, 1.0, 6.0, 1.0, 1.0, 2.0, 4.0, 2.0, 3.0, 6.0, 4.0, 7.0, 2.0, 7.0, 9.0, 5.0, 6.0, 6.0, 15.0, 6.0, 67.0, 10.0, 8.0, 9.0, 9.0, 4.0, 4.0, 6.0, 5.0, 4.0, 2.0, 2.0, 1.0, 1.0, 6.0, 2.0, 0.0, 2.0, 1.0, 1.0, 0.0, 2.0, 0.0, 0.0, 0.0, 1.0, 1.0],