{"num_of_examples": 7600, "train_loss": 0.00016530235152458772, "_timestamp": 1715202663.1493468, "_runtime": 385.70803475379944, "_step": 144, "gradients/output.bias": {"_type": "histogram", "values": [1.0], "bins": [-0.0019658729434013367, -0.0019658729434013367]}, "gradients/output.weight": {"_type": "histogram", "values": [2.0, 2.0, 2.0, 0.0, 0.0, 0.0, 2.0, 1.0, 1.0, 0.0, 0.0, 3.0, 1.0, 0.0, 1.0, 4.0, 3.0, 1.0, 6.0, 0.0, 4.0, 3.0, 2.0, 4.0, 2.0, 6.0, 3.0, 6.0, 5.0, 4.0, 4.0, 3.0, 10.0, 5.0, 5.0, 4.0, 96.0, 12.0, 6.0, 6.0, 2.0, 2.0, 3.0, 5.0, 3.0, 1.0, 7.0, 3.0, 1.0, 2.0, 1.0, 2.0, 0.0, 1.0, 0.0, 1.0, 2.0, 0.0, 0.0, 0.0, 0.0, 0.0, 0.0, 1.0], "bins": [-0.00038319488521665335, -0.00037283299025148153, -0.0003624711243901402, -0.00035210922942496836, -0.000341747363563627, -0.0003313854685984552, -0.00032102360273711383, -0.000310661707771942, -0.00030029984191060066, -0.00028993794694542885, -0.0002795760810840875, -0.0002692141861189157, -0.0002588523202575743, -0.0002484904252924025, -0.00023812854487914592, -0.00022776666446588933, -0.00021740478405263275, -0.00020704290363937616, -0.00019668102322611958, -0.000186319142812863, -0.0001759572623996064, -0.00016559538198634982, -0.00015523350157309324, -0.00014487162115983665, -0.00013450972619466484, -0.00012414784578140825, -0.00011378597264410928, -0.0001034240922308527, -9.30622045416385e-05, -8.270032412838191e-05, -7.233844371512532e-05, -6.197656330186874e-05, -5.161468288861215e-05, -4.1252802475355566e-05, -3.089092206209898e-05, -2.0529038010863587e-05, -1.0167157597607002e-05, 1.947237251442857e-07, 1.0556605047895573e-05, 2.0918487280141562e-05, 3.128036769339815e-05, 4.1642248106654733e-05, 5.200412851991132e-05, 6.23660089331679e-05, 7.27278966223821e-05, 8.308977703563869e-05, 9.345165744889528e-05, 0.00010381353786215186, 0.00011417541827540845, 0.00012453729868866503, 0.00013489917910192162, 0.0001452610595151782, 0.0001556229399284348, 0.00016598482034169137, 0.00017634670075494796, 0.00018670858116820455, 0.00019707047613337636, 0.00020743235654663295, 0.00021779423695988953, 0.00022815611737314612, 0.0002385179977864027, 0.00024887986364774406, 0.0002592417586129159, 0.00026960362447425723, 0.00027996551943942904]}, "gradients/linearlayers.1.0.bias": {"_type": "histogram", "values": [1.0, 2.0, 1.0, 0.0, 0.0, 2.0, 1.0, 0.0, 2.0, 0.0, 1.0, 1.0, 0.0, 0.0, 0.0, 0.0, 0.0, 0.0, 0.0, 2.0, 0.0, 1.0, 4.0, 8.0, 10.0, 6.0, 13.0, 11.0, 14.0, 13.0, 8.0, 9.0, 89.0, 12.0, 6.0, 4.0, 3.0, 3.0, 1.0, 4.0, 2.0, 5.0, 0.0, 1.0, 1.0, 2.0, 1.0, 2.0, 0.0, 3.0, 1.0, 0.0, 0.0, 0.0, 1.0, 0.0, 0.0, 1.0, 0.0, 0.0, 0.0, 1.0, 1.0, 2.0], "bins": [-0.0004299070860724896, -0.0004166753205936402, -0.00040344352601096034, -0.00039021176053211093, -0.0003769799950532615, -0.0003637482295744121, -0.0003505164640955627, -0.00033728466951288283, -0.0003240529040340334, -0.000310821138555184, -0.00029758934397250414, -0.00028435757849365473, -0.0002711258130148053, -0.0002578940475359559, -0.0002446622820571065, -0.00023143048747442663, -0.00021819872199557722, -0.0002049669565167278, -0.00019173517648596317, -0.00017850339645519853, -0.00016527163097634912, -0.0001520398654974997, -0.00013880808546673506, -0.00012557630543597043, -0.00011234453995712101, -9.911276720231399e-05, -8.588099444750696e-05, -7.264922169269994e-05, -5.9417448937892914e-05, -4.618567618308589e-05, -3.2953903428278863e-05, -1.9722130673471838e-05, -6.49038702249527e-06, 6.741385732311755e-06, 1.997315848711878e-05, 3.3204931241925806e-05, 4.643670399673283e-05, 5.9668476751539856e-05, 7.290024950634688e-05, 8.61320222611539e-05, 9.936379501596093e-05, 0.00011259556777076796, 0.00012582734052557498, 0.00013905912055633962, 0.00015229088603518903, 0.00016552265151403844, 0.00017875443154480308, 0.00019198621157556772, 0.00020521797705441713, 0.00021844974253326654, 0.00023168152256403118, 0.0002449133025947958, 0.00025814506807364523, 0.00027137683355249465, 0.0002846086281351745, 0.0002978403936140239, 0.00031107215909287333, 0.00032430392457172275, 0.00033753569005057216, 0.000350767484633252, 0.00036399925011210144, 0.00037723101559095085, 0.0003904628101736307, 0.0004036945756524801, 0.00041692634113132954]}, "gradients/linearlayers.1.0.weight": {"_type": "histogram", "values": [1.0, 0.0, 1.0, 0.0, 0.0, 0.0, 2.0, 1.0, 1.0, 2.0, 2.0, 4.0, 3.0, 6.0, 8.0, 8.0, 12.0, 23.0, 16.0, 34.0, 54.0, 55.0, 67.0, 124.0, 136.0, 228.0, 336.0, 483.0, 661.0, 1068.0, 1769.0, 2904.0, 43033.0, 7575.0, 2717.0, 1530.0, 891.0, 541.0, 375.0, 250.0, 179.0, 127.0, 64.0, 59.0, 47.0, 30.0, 27.0, 24.0, 9.0, 13.0, 12.0, 6.0, 2.0, 3.0, 4.0, 3.0, 1.0, 0.0, 1.0, 1.0, 0.0, 2.0, 0.0, 1.0], "bins": [-9.804383444134146e-05, -9.506734932074323e-05, -9.209087147610262e-05, -8.91143863555044e-05, -8.613790123490617e-05, -8.316142339026555e-05, -8.018493826966733e-05, -7.72084531490691e-05, -7.423196802847087e-05, -7.125549018383026e-05, -6.827900506323203e-05, -6.530251994263381e-05, -6.23260420979932e-05, -5.934955697739497e-05, -5.637307549477555e-05, -5.339659037417732e-05, -5.04201088915579e-05, -4.744362740893848e-05, -4.4467142288340256e-05, -4.1490660805720836e-05, -3.851417568512261e-05, -3.553769420250319e-05, -3.256121271988377e-05, -2.9584729418274947e-05, -2.6608246116666123e-05, -2.36317628150573e-05, -2.0655279513448477e-05, -1.7678798030829057e-05, -1.4702314729220234e-05, -1.172583142761141e-05, -8.749349035497289e-06, -5.772866188635817e-06, -2.7963906177319586e-06, 1.8009222912951373e-07, 3.156575075990986e-06, 6.1330579228524584e-06, 9.10954076971393e-06, 1.2086024071322754e-05, 1.5062506463436875e-05, 1.8038988855550997e-05, 2.101547215715982e-05, 2.3991955458768643e-05, 2.6968438760377467e-05, 2.9944920242996886e-05, 3.2921401725616306e-05, 3.589788684621453e-05, 3.887436832883395e-05, 4.185085344943218e-05, 4.48273349320516e-05, 4.780381641467102e-05, 5.0780301535269246e-05, 5.3756783017888665e-05, 5.673326813848689e-05, 5.970974962110631e-05, 6.268623110372573e-05, 6.566271622432396e-05, 6.863920134492218e-05, 7.16156791895628e-05, 7.459216431016102e-05, 7.756864943075925e-05, 8.054512727539986e-05, 8.352161239599809e-05, 8.649809751659632e-05, 8.947457536123693e-05, 9.245106048183516e-05]}, "gradients/linearlayers.0.0.bias": {"_type": "histogram", "values": [1.0, 0.0, 0.0, 0.0, 0.0, 0.0, 0.0, 1.0, 0.0, 0.0, 1.0, 0.0, 0.0, 0.0, 2.0, 0.0, 2.0, 2.0, 1.0, 0.0, 0.0, 2.0, 6.0, 7.0, 3.0, 4.0, 1.0, 12.0, 8.0, 7.0, 10.0, 13.0, 10.0, 7.0, 14.0, 81.0, 14.0, 7.0, 4.0, 5.0, 4.0, 7.0, 4.0, 4.0, 2.0, 2.0, 0.0, 1.0, 2.0, 1.0, 0.0, 0.0, 1.0, 1.0, 1.0, 0.0, 0.0, 0.0, 0.0, 0.0, 0.0, 0.0, 0.0, 1.0],